{"stat.walkOneCm":51258,"stat.boatOneCm":31011,"stat.useItem.minecraft.lever":25,"stat.useItem.minecraft.stone":72,"stat.leaveGame":1,"stat.pickup.minecraft.waterlily":1,"stat.useItem.minecraft.golden_rail":68,"stat.useItem.minecraft.rail":39,"stat.useItem.im.lb_gel_speed_dropper":5,"stat.minecartOneCm":86916,"stat.flyOneCm":749331,"stat.deaths":2,"stat.useItem.im.gel_speed":77,"stat.jump":90,"stat.swimOneCm":6464,"stat.pickup.minecraft.egg":1,"stat.playOneMinute":31561,"stat.climbOneCm":23,"stat.useItem.minecraft.redstone_block":3,"stat.useItem.minecraft.dark_oak_boat":9,"stat.sneakTime":1135,"stat.crouchOneCm":2539,"stat.pickup.minecraft.rail":1,"stat.timeSinceDeath":10462,"stat.sprintOneCm":35155,"stat.useItem.minecraft.stone_slab2":590,"stat.useItem.minecraft.redstone_ore":5,"stat.diveOneCm":11153}