{"stat.walkOneCm":12518,"stat.boatOneCm":12842,"stat.useItem.im.lb_gel_speed_ball":27,"stat.killEntity.Chicken":1,"stat.leaveGame":1,"stat.pickup.minecraft.waterlily":1,"stat.pickup.minecraft.feather":1,"stat.pickup.im.storage_cube":6,"stat.useItem.im.lb_gel_speed_dropper":5,"stat.pickup.im.companion_cube":6,"stat.mobKills":1,"stat.flyOneCm":66822,"stat.jump":12,"stat.swimOneCm":788,"stat.playOneMinute":5867,"stat.climbOneCm":453,"stat.useItem.im.storage_cube":6,"stat.useItem.minecraft.dark_oak_boat":5,"stat.sneakTime":175,"stat.useItem.im.companion_cube":6,"stat.damageDealt":10,"stat.crouchOneCm":422,"stat.pickup.minecraft.chicken":1,"stat.useItem.im.md_soft":18,"stat.timeSinceDeath":5867,"stat.sprintOneCm":6656,"stat.useItem.minecraft.stone_slab2":51,"stat.useItem.minecraft.spawn_egg":3}