{"stat.useItem.im.ow_steel_ore":2,"stat.drop.im.ow_bh_crystal":1,"stat.walkOneCm":20428,"stat.useItem.im.lb_gel_speed_ball":46,"stat.useItem.minecraft.lever":1,"stat.useItem.im.md_hard":2,"stat.leaveGame":1,"stat.pickup.im.gel_speed":1,"stat.useItem.im.lb_gel_speed_dropper":5,"stat.flyOneCm":7108,"stat.useItem.im.gel_speed":10,"stat.drop":1,"stat.jump":18,"stat.playOneMinute":4964,"stat.sneakTime":145,"stat.useItem.im.companion_cube":12,"stat.crouchOneCm":179,"stat.useItem.im.md_rock":21,"stat.useItem.im.md_soft":3,"stat.timeSinceDeath":4964,"stat.pickup.im.ow_bh_crystal":1,"stat.sprintOneCm":3487,"stat.useItem.im.ow_grass_thick":7,"stat.useItem.minecraft.stone_slab2":4}