{"stat.flyOneCm":9133,"stat.walkOneCm":10776,"stat.useItem.im.gel_speed":1,"stat.swimOneCm":680,"stat.jump":34,"stat.useItem.im.md_surface":66,"stat.playOneMinute":6903,"stat.useItem.im.storage_cube":8,"stat.useItem.im.md_hard":5,"stat.leaveGame":1,"stat.sneakTime":319,"stat.useItem.im.md_stone":24,"stat.useItem.im.lb_block_4":1,"stat.crouchOneCm":720,"stat.useItem.im.md_rock":2,"stat.useItem.im.md_soft":2,"stat.timeSinceDeath":6903,"stat.useItem.im.lb_gel_speed_dropper":4,"stat.sprintOneCm":208,"stat.useItem.minecraft.stone_slab2":94,"stat.diveOneCm":476,"stat.pickup.im.lb_pg_normal":63}